priority,account_type,dr_cr,bank,match_type,keyword,min_prefix_len,counterparty,product_type,exclude_pattern
90,-,debit,*,regex,AMERICAN\s+EXPRESS,0,American Express Credit Card Repayment,bank,
90,transaction,debit,*,regex,(AMERICAN\s+EXPRESS|AMEX),0,American Express Credit Card Repayment,bank,
90,savings,debit,*,regex,(AMERICAN\s+EXPRESS|AMEX),0,American Express Credit Card Repayment,bank,
90,-,debit,*,regex,BPAY.*DAVID\s+JONE|DAVID\s+JONE.*(AMEX|AMERICAN|CREDIT\s+CARD),0,American Express Credit Card Repayment,bank,
90,-,debit,*,regex,(ANZ\s+(CARDS?|MASTERCARD|VISA|CREDIT\s+CARD)|PAYMENT\s+TO\s+ANZ\s+(VISA|MASTERCARD|CARD)),0,ANZ Credit Card Repayment,bank,
90,transaction,debit,*,regex,ANZ\s+INTERNET\s+BANKING\s+BPAY\s+ANZ\s+CARDS?,0,ANZ Credit Card Repayment,bank,
90,credit card,credit,anz,regex,(PAYMENT\s+[-]\s+THANK\s*YOU|AUTOREPAYMENT\s+[-]\s+THANK\s+YOU|CARDHOLDER\s+PAYMENT),0,ANZ Credit Card Repayment,bank,
90,credit card,credit,anz,regex,CREDIT\s+CARD\s+PAYMENT\s+INTERNET\s+PAYMENT,0,ANZ Credit Card Repayment,bank,
90,credit card,credit,anz,regex,BPAY\s+PAYMENT\s+THANKYOU,0,ANZ Credit Card Repayment,bank,
90,-,debit,anz,regex,ANZ\s+INTERNET\s+BANKING\s+BPAY\s+(NAB|COMMONWEALTH|WESTPAC|LATITUDE|COLES|LOWES|CREDITLINE),0,ANZ Credit Card Repayment,bank,
90,-,debit,*,regex,COMMONWEALTH\s+(CARDS|BANK).*BPAY|BPAY.*COMMONWEALTH\s+(CARDS|BANK)|COMMONWEALTH\s+CARDS,0,CBA Credit Card Repayment,bank,
90,transaction,debit,*,regex,(COMMONWEALTH\s+CARDS|SCHEDULED\s+PAYMENT\s+TO\s+A\s+CBA\s+ACCOUNT),0,CBA Credit Card Repayment,bank,
90,credit card,credit,cba,regex,AUTO\s+PAYMENT\s+[-]\s+THANK\s+YOU,0,CBA Credit Card Repayment,bank,
90,credit card,credit,cba,regex,CREDIT\s+CARD\s+PAYMENT\s+INTERNET\s+PAYMENT,0,CBA Credit Card Repayment,bank,
90,credit card,credit,cba,regex,"PAYMENT\s+RECEIVED,\s+THANK\s+YOU",0,CBA Credit Card Repayment,bank,
90,credit card,credit,westpac,regex,"PAYMENT\s+RECEIVED,\s+THANK\s+YOU",0,WESTPAC Credit Card Repayment,bank,
90,-,credit,cba,regex,Direct\s+Credit\s+\d+\s+GO\s+\d+,0,CBA Credit Card Repayment,bank,
90,credit card,credit,*,regex,PAYMENT-\s+CHEQUE\s+THANK\s+YOU,0,Miscellaneous Credit Card Repayments,bank,
90,savings,credit,*,regex,COMMONWEALTH\s+CARDS,0,CBA Credit Card Repayment,bank,
90,-,debit,*,regex,(NAB\s+CARDS?|nab\s+cards).*BPAY|BPAY.*(NAB\s+CARDS?|nab\s+cards),0,NAB Credit Card Repayment,bank,
90,transaction,debit,*,regex,(NAB\s+CARDS?|nab\s+cards|NAB\s+CREDIT\s+CARD),0,NAB Credit Card Repayment,bank,
90,credit card,credit,nab,regex,(CASH/TRANSFER\s+PAYMENT\s+[-]\s+THANK\s+YOU|PAYMENT\s+AUTHORISATION),0,NAB Credit Card Repayment,bank,
90,credit card,credit,nab,regex,CREDIT\s+CARD\s+PAYMENT\s+INTERNET\s+PAYMENT,0,NAB Credit Card Repayment,bank,
90,transaction,debit,westpac,regex,WITHDRAWAL\s+MOBILE\s+\d+\s+BPAY\s+NAB\s+CARDS?,0,NAB Credit Card Repayment,bank,
90,-,debit,*,regex,WITHDRAWAL\s+MOBILE\s+\d+\s+TFR\s+(WESTPAC\s+(CARDS?|CREDIT|LIT|LOW)|ALTITUDE\s+(BL|PL|QA|VE)|LOW\s+RATE\s+M|FLEX\s+CARD),0,WESTPAC Credit Card Repayment,bank,
90,transaction,debit,*,regex,WITHDRAWAL\s+MOBILE\s+\d+\s+TFR\s+(WESTPAC\s+(CARDS?|CREDIT|LIT|LOW)|ALTITUDE\s+(BL|PL|QA|VE)|LOW\s+RATE\s+M|FLEX\s+CARD),0,WESTPAC Credit Card Repayment,bank,
90,-,debit,*,regex,WITHDRAWAL\s+MOBILE\s+\d+\s+BPAY\s+(WESTPAC|LATITUDE|COLES|COMMONWEALTH|GO\s+MASTER),0,WESTPAC Credit Card Repayment,bank,
90,transaction,debit,*,regex,WITHDRAWAL\s+MOBILE\s+\d+\s+BPAY\s+(WESTPAC|LATITUDE|COLES|COMMONWEALTH|GO\s+MASTER),0,WESTPAC Credit Card Repayment,bank,
90,-,debit,*,regex,WESTPAC\s+(CARDS|CREDIT\s+CARD|LIT|LOW\s+CARD),0,WESTPAC Credit Card Repayment,bank,
90,transaction,debit,*,regex,WESTPAC\s+(CARDS|CREDIT\s+CARD),0,WESTPAC Credit Card Repayment,bank,
90,credit card,credit,westpac,regex,(PAYMENT-BPAY-THANK\s+YOU|PAYMENT\s+CASH-THANK\s+YOU),0,WESTPAC Credit Card Repayment,bank,
90,credit card,credit,westpac,regex,CREDIT\s+CARD\s+PAYMENT\s+INTERNET\s+PAYMENT,0,WESTPAC Credit Card Repayment,bank,
90,credit card,credit,westpac,regex,TFR\s+FROM\s+WESTPA\s+C,0,WESTPAC Credit Card Repayment,bank,
90,-,debit,*,regex,(FLEX\s+CARD|ALTITUDE\s+(BL|PL|QA|VE)|LOW\s+RATE\s+M|IGNITE\s+BY\s+WESTPAC),0,WESTPAC Credit Card Repayment,bank,
90,transaction,debit,*,regex,(FLEX\s+CARD|ALTITUDE\s+(BL|PL|QA|VE)|LOW\s+RATE\s+M|IGNITE\s+BY\s+WESTPAC),0,WESTPAC Credit Card Repayment,bank,
90,-,debit,*,regex,PERIODICAL\s+(MC|PAYMENT).*(FLEXI|WESTPAC|CARD),0,WESTPAC Credit Card Repayment,bank,
90,-,debit,*,regex,(LATITUDE\s+(GO|MASTERCARD|CREDIT\s+CARD|GEM|INFINITY|LOW\s+RATE)|BPAY.*LATITUDE\s+GO),0,Latitude Credit Card Repayment,bank,
90,transaction,debit,*,regex,(LATITUDE\s+(GO|GEM|MASTERCARD|INFINITY)|28\s+DEGREES\s+GLOBAL|CREDITLINE),0,Latitude Credit Card Repayment,bank,
90,savings,debit,*,regex,(LATITUDE\s+(GO|GEM|MASTERCARD)|CREDITLINE|BPAY.*LATITUDE\s+GO),0,Latitude Credit Card Repayment,bank,
90,-,debit,*,regex,DIRECT\s+DEBIT\s+\d+\s+GO\s+\d+,0,Latitude Credit Card Repayment,bank,
90,-,debit,*,regex,(GO\s+MASTERCARD|GO:SC\d+|GO\s+\d+.*SC\d+),0,Latitude Credit Card Repayment,bank,
90,-,debit,*,regex,\bCREDITLINE\b,0,Latitude Credit Card Repayment,bank,
90,savings,debit,*,regex,\bCREDITLINE\b,0,Latitude Credit Card Repayment,bank,
90,-,debit,*,regex,(COLES\s+(MASTERCARD|CREDIT\s+CARDS?|CC\s+TFD|CR\s+CARD|REWARDS|NO\s+ANNUAL)|BPAY.*COLES\s+MASTERCARD|PAYMENT\s+TO\s+COLES\s+(LOW\s+RATE|NO\s+ANNUAL|REWARDS)|DIRECT\s+DEBIT\s+COLES),0,Coles Credit Card Repayment,bank,
90,transaction,debit,*,regex,COLES\s+(MASTERCARD|CREDIT\s+CARDS?|CC\s+TFD|CR\s+CARD|REWARDS|NO\s+ANNUAL),0,Coles Credit Card Repayment,bank,
90,savings,debit,*,regex,(BPAY.*COLES\s+MASTERCARD|COLES\s+MASTERCARD|PAYMENT\s+TO\s+COLES),0,Coles Credit Card Repayment,bank,
90,-,debit,*,regex,WOOLWORTHS.*(CREDIT\s+CARD|MASTERCARD)|(CREDIT\s+CARD|MASTERCARD).*WOOLWORTHS,0,Woolworths Credit Card Repayment,bank,
90,-,debit,ing,regex,(TO\s+ORANGE\s+ONE\s+(LOW\s+RATE|REWARDS)\s+(CLASSIC|PLATINUM)|INSTALMENT\s+REPAYMENT(?!\s+PROTECTION)),0,ING Credit Card Repayment,bank,
90,savings,debit,ing,regex,TO\s+ORANGE\s+ONE\s+(LOW\s+RATE|REWARDS),0,ING Credit Card Repayment,bank,
90,credit card,credit,ing,regex,(INSTALMENT\s+REPAYMENT|CREDIT\s+CARD\s+PAYMENT\s+INTERNET\s+PAYMENT),0,ING Credit Card Repayment,bank,
90,-,debit,*,regex,ING\s+(LOAN|CARD|CREDIT),0,ING Credit Card Repayment,bank,
90,-,debit,bankwest,regex,(BANKWEST\s+CREDIT\s+CARD|IB\s+TRANSFER|BANKWEST\s+LOANS?),0,Bankwest Credit Card Repayment,bank,
90,credit card,credit,bankwest,regex,TRANSFER\s+\d+\s+FROM\s+\d{3}[-]\d{3}[-]\d{3},0,Bankwest Credit Card Repayment,bank,
90,-,debit,*,regex,\bBANKWEST\b,0,Bankwest Credit Card Repayment,bank,
90,-,debit,*,regex,ST\s+GEORGE\s+CARDS?,0,STGEORGE Credit Card Repayment,bank,
90,credit card,credit,stgeorge,regex,CREDIT\s+CARD\s+PAYMENT\s+INTERNET\s+PAYMENT,0,STGEORGE Credit Card Repayment,bank,
90,credit card,credit,stgeorge,regex,Phone/Internet\s+Tfr\s+From,0,STGEORGE Credit Card Repayment,bank,
90,-,debit,*,regex,SUNCORP\s+(CREDIT|CARD|BANK),0,SUNCORP Credit Card Repayment,bank,
90,credit card,credit,suncorp,regex,(EASIPAY\s+PAYMENT|CREDIT\s+CARD\s+PAYMENT\s+INTERNET\s+PAYMENT),0,SUNCORP Credit Card Repayment,bank,
90,-,debit,*,regex,BANKSA\s+CARDS?,0,BANKSA Credit Card Repayment,bank,
90,credit card,credit,banksa,regex,(PAYMENT\s+[-]\s+BPAY|CREDIT\s+CARD\s+PAYMENT),0,BANKSA Credit Card Repayment,bank,
90,-,debit,*,regex,BOM\s+CARDS?,0,BOM Credit Card Repayment,bank,
90,credit card,credit,bom,regex,CREDIT\s+CARD\s+PAYMENT\s+INTERNET\s+PAYMENT,0,BOM Credit Card Repayment,bank,
90,-,debit,*,regex,BOQ\s+(CARDS?|VISA),0,BOQ Credit Card Repayment,bank,
90,credit card,credit,boq,regex,\d+\s+PAYMENT\s+IB2-\d+,0,BOQ Credit Card Repayment,bank,
90,-,debit,*,regex,CLASSIC\s+PLUS\s+CARD|PAYPAL\s+REW,0,Citibank Credit Card Repayment,bank,
90,-,debit,*,regex,DINERS\s+CLUB,0,Diners Club Credit Card Repayment,bank,
90,-,debit,*,regex,(GEM\s+VISA|LATITUDE\s+GEM),0,Gem Credit Card Repayment,bank,
90,-,debit,*,regex,HERITAGE\s+CARDS?,0,HERITAGE Credit Card Repayment,bank,
90,savings,debit,*,regex,HERITAGE\s+CARDS?,0,HERITAGE Credit Card Repayment,bank,
90,-,debit,*,regex,HSBC\s+(CARDS?|CREDITCARD),0,HSBC Credit Card Repayment,bank,
90,-,debit,*,regex,(ONCE\s+CREDIT|SKYE\s+MASTE),0,Humm90 Credit Card Repayment,bank,
90,-,debit,*,regex,(KOGAN\s+MONEY|CREDIT\s+CRD),0,Kogan Credit Card Repayment,bank,
90,-,debit,*,regex,(GREAT\s+SOUTHERN\s+BANK|GSB\s+CREDIT\s+REPAY),0,Great Southern Bank Credit Card Repayment,bank,
90,-,debit,macquarie,regex,(\bMACQUARIE\b|MBL\s+CARD),0,MACQUARIE Credit Card Repayment,bank,
90,-,debit,*,regex,(MEMBERS\s+EQUITY|ME\s+BANK),0,MEBANK Credit Card Repayment,bank,
90,-,debit,newcastle,regex,(MB\s+TFR\s+TO|\bNEWCASTLE\b),0,NEWCASTLE Credit Card Repayment,bank,
90,-,debit,*,regex,MYER.*(CREDIT\s+CARD)|(CREDIT\s+CARD).*MYER,0,Myer Credit Card Repayment,bank,
90,-,debit,*,regex,QANTAS.*(CREDIT\s+CARD|MASTERCARD)|BW\s+QANTAS,0,Qantas Credit Card Repayment,bank,
90,-,debit,*,regex,\bQUDOS\b,0,Qudos Credit Card Repayment,bank,
90,-,debit,*,regex,VIRGIN\s+MONEY,0,Virgin Money Credit Card Repayment,bank,
90,-,debit,*,regex,HARRIS\s+SCARFE.*(CREDIT|CARD|MASTERCARD|VISA),0,Harris Scarfe Credit Card Repayment,bank,
90,-,debit,*,regex,\bFARMLANDS\b,0,Farmlands Card Repayment,bank,
90,-,debit,*,regex,FLEXICARD|CBA\s+A/C\s+NETBANK\s+Q\s+CARD,0,FlexiCards Credit Card Repayment,bank,
90,-,debit,*,regex,LOWES?[- ]*MENSWEAR.*BPAY|BPAY.*LOWES?[- ]*MENSWEAR|LOWES-MENS|ZERO\s+CARD.*LOWES,0,Lowes Zero Card,bank,
90,-,debit,*,regex,PURPLE\s+CARD,0,SBS Money,bank,
80,-,debit,*,regex,Osko\s+Payment.*Credit\s+card,0,Miscellaneous Credit Card Repayments,bank,
80,-,debit,*,regex,Internet\s+Withdrawal.*To\s+\d{4}X+\d{4},0,Miscellaneous Credit Card Repayments,bank,
80,-,debit,*,regex,(CREDIT\s+CARD\s+(PAYMENT|REPAYMENT(?!\s+PROTECTION))|CC\s+(PAYMENT|REPAYMENT(?!\s+PROTECTION))|CARD\s+REPAYMENT(?!\s+PROTECTION)),0,Miscellaneous Credit Card Repayments,bank,
80,transaction,debit,*,regex,(CREDIT\s+CARD\s+(PAYMENT|REPAYMENT(?!\s+PROTECTION))|CC\s+(PAYMENT|REPAYMENT(?!\s+PROTECTION))),0,Miscellaneous Credit Card Repayments,bank,
80,savings,debit,*,regex,(CREDIT\s+CARD\s+(PAYMENT|REPAYMENT(?!\s+PROTECTION))|CC\s+(PAYMENT|REPAYMENT(?!\s+PROTECTION))),0,Miscellaneous Credit Card Repayments,bank,
80,credit card,credit,*,regex,(CC\s+(PAY|PAYMENT|REPAYMENT(?!\s+PROTECTION))|CREDIT\s+CARD\s+PAYMENT|PAYMENT\s+[-]\s+BPAY|EASIPAY\s+PAYMENT),0,Miscellaneous Credit Card Repayments,bank,
80,-,debit,*,regex,\bBPAY\b.*(CARD|MASTERCARD|VISA|CREDIT)|(CARD|MASTERCARD|VISA|CREDIT).*\bBPAY\b,0,Miscellaneous Credit Card Repayments,bank,
80,transaction,debit,*,regex,\bBPAY\b.*(CARD|MASTERCARD|VISA|CREDIT)|(CARD|MASTERCARD|VISA|CREDIT).*\bBPAY\b,0,Miscellaneous Credit Card Repayments,bank,
80,savings,debit,*,regex,\bBPAY\b.*(CARD|MASTERCARD|VISA|CREDIT)|(CARD|MASTERCARD|VISA|CREDIT).*\bBPAY\b,0,Miscellaneous Credit Card Repayments,bank,
70,-,debit,*,regex,\bMASTERCARD\b,0,Miscellaneous Credit Card Repayments,bank,
70,transaction,debit,*,regex,\bMASTERCARD\b,0,Miscellaneous Credit Card Repayments,bank,
70,savings,debit,*,regex,\bMASTERCARD\b,0,Miscellaneous Credit Card Repayments,bank,
70,-,debit,*,regex,(CARD\s+SERVICES|MYCARD\s+CREDIT),0,Miscellaneous Credit Card Repayments,bank,
70,transaction,debit,*,regex,(CARD\s+SERVICES|MYCARD\s+CREDIT),0,Miscellaneous Credit Card Repayments,bank,
80,*,debit,anz,regex,(LOAN\s+(PAYMENT|REDRAW|REPAYMENT)),0,ANZ Loans,contract_loan,
80,*,credit,anz,regex,(LOAN\s+(PAYMENT|REDRAW|REPAYMENT)),0,ANZ Loans,contract_loan,
80,*,debit,cba,regex,(LOAN\s+REPAYMENT\s+LN\s+REPAY|REPAYMENT/PAYMENT|LOAN\s+PYMT\s+DISHONOUR|DISHONOUR\s+OF\s+A\s+PAYMENT|LOAN\s+REDRAW),0,CBA Loans,contract_loan,
80,*,credit,cba,regex,(LOAN\s+REPAYMENT\s+LN\s+REPAY|REPAYMENT/PAYMENT|LOAN\s+PYMT\s+DISHONOUR|DISHONOUR\s+OF\s+A\s+PAYMENT|LOAN\s+REDRAW),0,CBA Loans,contract_loan,
80,*,debit,nab,regex,(LOAN\s+(INSTALMENT|REDRAW|REPAYMENT)|TRANSFER\s+DEBIT\s+LOAN\s+INSTALMENT),0,NAB Loans,contract_loan,
80,*,credit,nab,regex,(LOAN\s+(INSTALMENT|REDRAW|REPAYMENT)),0,NAB Loans,contract_loan,
90,personal loan,credit,westpac,regex,TFR\s+FROM\s+WESTPA\s+C\s+CHOICE,0,WESTPAC Credit Card Repayment,bank,
90,*,*,westpac,regex,WITHDRAWAL MOBILE \d+ TFR Flexi Loan,0,WESTPAC Loans,contract_loan,
90,*,*,westpac,regex,DEPOSIT ONLINE \d+ TFR FROM Flexi Loan,0,WESTPAC Loans,contract_loan,
70,personal loan,*,westpac,regex,(?i)DISBURSEMENT\s+OF\s+FUNDS\s+AS\s+REQUESTED,0,WESTPAC Loans,contract_loan,
80,*,*,westpac,regex,WESTPAC\s+LOAN\s+(REDRAW|REPAYMENT),0,WESTPAC Loans,contract_loan,
90,transaction,credit,westpac,regex,DEPOSIT ONLINE \d+ TFR Low Rate Ma,0,WESTPAC Credit Card Cah Advance,bank,
90,credit card,debit,*,regex,Phone/Internet Tfr To \d+,0,Credit Card Cash Advance,bank,
80,*,*,westpac,regex,CASH\s+ADVANCE\s+Z\d+,0,WESTPAC Credit Card Cah Advance,bank,
80,*,*,*,regex,(AMP)\s+(LOANS),0,AMP Loans,contract_loan,
80,*,*,*,regex,(BANKSA)\s+(LOANS),0,BANKSA Loans,contract_loan,
80,*,*,*,regex,(BANKWEST)\s+(LOANS),0,BANKWEST Loans,contract_loan,
80,*,*,*,regex,(BENDIGO\s+BANK|BENDIGO)\s+(LOANS),0,BENDIGO Loans,contract_loan,
80,*,*,*,regex,(BEYOND\s+BANK|BEYONDBANK)\s+(LOAN\s+REPAYMENT),0,BEYONDBANK Loans,contract_loan,
80,*,*,*,regex,(BANK\s+OF\s+MELBOURNE|BOM)\s+(LOANS),0,BOM Loans,contract_loan,
80,*,*,*,regex,(BOQ|BANK\s+OF\s+QUEENSLAND)\s+(FINANCE|LOAN\s+REDRAW|LOAN\s+REPAYMENT|SPECIALIST\s+LOAN),0,BOQ Loans,contract_loan,
80,*,*,*,regex,(COMMUNITY\s+FIRST\s+CREDIT\s+UNION)\s+(LOANS),0,Community First CU Loans,contract_loan,
80,*,*,*,regex,(CREDIT\s+UNION)\s+(LOANS),0,Credit Union Loans,contract_loan,
80,*,*,*,regex,(GREATER\s+BANK|GREATER)\s+(LOANS|LOAN\s+REDRAW),0,GREATER Loans,contract_loan,
80,*,*,*,regex,(GREAT\s+SOUTHERN\s+BANK)\s+(LOAN\s+REDRAW|LOAN\s+REPAYMENT),0,Great Southern Bank Loans,contract_loan,
80,*,*,*,regex,(HEARTLAND\s+BANK)\s+(LOANS),0,Heartland Bank Loans,contract_loan,
80,*,*,*,regex,(HERITAGE\s+BANK)\s+(LOANS|LOAN\s+REDRAW),0,HERITAGE Loans,contract_loan,
80,*,*,*,regex,(HSBC)\s+(LOANS),0,HSBC Loans,contract_loan,
80,*,*,*,regex,(IMB\s+BANK|IMB)\s+(LOANS),0,IMB Loans,contract_loan,
80,*,*,*,regex,(ING)\s+(LOANS|LOAN\s+REDRAW|LOAN\s+REDRAW\s+CREDIT|LOAN\s+REPAYMENT\s+DEBIT),0,ING Loans,contract_loan,
80,*,*,*,regex,(MACQUARIE\s+BANK|MACQUARIE)\s+(LOAN\s+REPAYMENT),0,MACQUARIE Loans,contract_loan,
80,*,*,*,regex,(ME\s+BANK|MEBANK)\s+(LOANS|LOAN\s+REDRAW),0,MEBANK Loans,contract_loan,
80,*,*,*,regex,(MYSTATE\s+BANK|MYSTATE)\s+(LOANS|LOAN\s+REDRAW|LOAN\s+REPAYMENT),0,MYSTATE Loans,contract_loan,
80,*,*,*,regex,(NEWCASTLE\s+PERMANENT|NEWCASTLE)\s+(LOANS),0,NEWCASTLE Loans,contract_loan,
80,*,*,*,regex,(NZCU)\s+(LOANS),0,NZCU Loans,contract_loan,
80,*,*,*,regex,(PCU)\s+(LOANS),0,PCU Loans,contract_loan,
80,*,*,*,regex,(PEOPLES\s+CHOICE\s+CREDIT\s+UNION|PEOPLESCHOICECU)\s+(LOANS|LOAN\s+REDRAW),0,PeoplesChoiceCU Loans,contract_loan,
80,*,*,*,regex,(QBANK)\s+(LOANS),0,QBANK Loans,contract_loan,
80,*,*,*,regex,(ST\s+GEORGE\s+BANK|ST\s+GEORGE)\s+(LOANS),0,St George Loans,contract_loan,
80,*,*,*,regex,(SUNCORP\s+BANK|SUNCORP)\s+(LOANS|LOAN\s+REDRAW|LOAN\s+REPAYMENT),0,SUNCORP Loans,contract_loan,
80,*,*,*,regex,(TMBANK)\s+(LOANS),0,TMBANK Loans,contract_loan,
80,*,*,*,regex,(TSB\s+NEW\s+ZEALAND|TSBNZ)\s+(LOANS),0,TSBNZ Loans,contract_loan,
80,*,*,*,regex,(UBANK)\s+(LOAN\s+REPAYMENT),0,UBANK Loans,contract_loan,
80,*,*,*,regex,(UNITY\s+BANK)\s+(LOANS),0,Unity Bank Loans,contract_loan,
80,*,*,*,regex,(VIRGIN\s+MONEY)\s+(LOANS),0,Virgin Money Loans,contract_loan,
80,*,*,*,regex,(WESTPAC\s+NEW\s+ZEALAND|WESTPACNZ)\s+(LOANS),0,WESTPACNZ Loans,contract_loan,
80,*,*,*,regex,(1st|first)\s*Choice\s*Rentals|1stchoicerentals,0,1st Choice Rentals,generic_loan,
80,*,*,*,regex,AA\s*All\s*Appliances\s*Rental|aaallappliancesrental|AA\s*All\s*Appliance[s]?,0,AA All Appliances Rental,generic_loan,
80,*,*,*,regex,ANZ\s*Asset\s*Finance|anzassetfinance,0,ANZ Asset Finance,generic_loan,
80,*,*,*,regex,APS\s*Loans|apsloans,0,APS Loans,generic_loan,
80,*,*,*,regex,APositive\s*Workforce\s*Finance|apositiveworkforcefinance,0,APositive Workforce Finance,generic_loan,
80,*,*,*,regex,Alpha\s*Finance|alphafinance,0,Alpha Finance,generic_loan,
80,*,*,*,regex,American\s*Express\s*Business\s*Loan|americanexpressbusinessloan,0,American Express Business Loan,generic_loan,
80,*,*,*,regex,Arteva\s*Funding|artevafunding,0,Arteva Funding,generic_loan,
80,*,*,*,regex,Asset\s*Finance\s*Limited|assetfinancelimited,0,Asset Finance Limited,generic_loan,
80,*,*,*,regex,Asset\s*Finance\s*Shop|assetfinanceshop,0,Asset Finance Shop,generic_loan,
80,*,*,*,regex,Attvest\s*Finance|attvestfinance,0,Attvest Finance,generic_loan,
80,*,*,*,regex,Ausloans,0,Ausloans,generic_loan,
80,*,*,*,regex,Autoflex\s*Leasing|autoflexleasing,0,Autoflex Leasing,generic_loan,
80,*,*,*,regex,Auzcap,0,Auzcap,generic_loan,
80,*,*,*,regex,Avanti\s*Finance|avantifinance,0,Avanti Finance,generic_loan,
80,*,*,*,regex,Azora\s*Finance|azorafinance,0,Azora Finance,generic_loan,
80,*,*,*,regex,BOQ\s*Equipment\s*Finance|boqequipmentfinance,0,BOQ Equipment Finance,generic_loan,
80,*,*,*,regex,Banjo\s*Loans|banjoloans,0,Banjo Loans,generic_loan,
80,*,*,*,regex,Better\s*Rentals|betterrentals,0,Better Rentals,generic_loan,
80,*,*,*,regex,BiiGGA,0,BiiGGA,generic_loan,
80,*,*,*,regex,Bixcel,0,Bixcel,generic_loan,
80,*,*,*,regex,Bizcap,0,Bizcap,generic_loan,
80,*,*,*,regex,Bizfund,0,Bizfund,generic_loan,
80,*,*,*,regex,Business\s*Fuel|businessfuel,0,Business Fuel,generic_loan,
80,*,*,*,regex,Businessloans,0,Businessloans,generic_loan,
80,*,*,*,regex,CFI\s*Finance|cfifinance,0,CFI Finance,generic_loan,
80,*,*,*,regex,CFS\s*Finance|cfsfinance,0,CFS Finance,generic_loan,
80,*,*,*,regex,CampaignAgent,0,CampaignAgent,generic_loan,
80,*,*,*,regex,Capify,0,Capify,generic_loan,
80,*,*,*,regex,Capital\s*Finance|capitalfinance,0,Capital Finance,generic_loan,
80,*,*,*,regex,Capital\s*Plus\s*Finance|capitalplusfinance,0,Capital Plus Finance,generic_loan,
80,*,*,*,regex,Capricorn\s*Society|capricornsociety,0,Capricorn Society,generic_loan,
80,*,*,*,regex,Cashflow\s*Finance|cashflowfinance,0,Cashflow Finance,generic_loan,
80,*,*,*,regex,Center\s*One|centerone,0,Center One,generic_loan,
80,*,*,*,regex,Circlepay,0,Circlepay,generic_loan,
80,*,*,*,regex,Cloudfloat,0,Cloudfloat,generic_loan,
80,*,*,*,regex,Coates,0,Coates,generic_loan,
80,*,*,*,regex,Coogans\s*Finance|coogansfinance,0,Coogans Finance,generic_loan,
80,*,*,*,regex,Credabl\s*Loans|credablloans,0,Credabl Loans,generic_loan,
80,*,*,*,regex,Crown\s*Equipment|crownequipment,0,Crown Equipment,generic_loan,
80,*,*,*,regex,DLL\s*Group|dllgroup,0,DLL Group,generic_loan,
80,*,*,*,regex,Dell\s*Financial\s*Services|dellfinancialservices,0,Dell Financial Services,generic_loan,
80,*,*,*,regex,Difrent\s*Rental|difrentrental,0,Difrent Rental,generic_loan,
80,*,*,*,regex,Direct\s*Appliance\s*Rentals|directappliancerentals,0,Direct Appliance Rentals,generic_loan,
80,*,*,*,regex,Dynamoney,0,Dynamoney,generic_loan,
80,*,*,*,regex,EFT\s*Capital|eftcapital,0,EFT Capital,generic_loan,
80,*,*,*,regex,Earlypay,0,Earlypay,generic_loan,
80,*,*,*,regex,Elantis\s*Premium\s*Funding|elantispremiumfunding,0,Elantis Premium Funding,generic_loan,
80,*,*,*,regex,Essential\s*Appliance\s*Rentals|essentialappliancerentals,0,Essential Appliance Rentals,generic_loan,
80,*,*,*,regex,EveryPay,0,EveryPay,generic_loan,
80,*,*,*,regex,FeeSynergy\s*Finance|feesynergyfinance,0,FeeSynergy Finance,generic_loan,
80,*,*,*,regex,Fifo\s*Capital|fifocapital,0,Fifo Capital,generic_loan,
80,*,*,*,regex,Finance\s*One|financeone,0,Finance One,generic_loan,
80,*,*,*,regex,Finrent,0,Finrent,generic_loan,
80,*,*,*,regex,Finstro,0,Finstro,generic_loan,
80,*,*,*,regex,Finsure,0,Finsure,generic_loan,
80,*,*,*,regex,First\s*Cashflow\s*Solutions|firstcashflowsolutions,0,First Cashflow Solutions,generic_loan,
80,*,*,*,regex,Fleetcare,0,Fleetcare,generic_loan,
80,*,*,*,regex,Flexirent,0,Flexirent,generic_loan,
80,*,*,*,regex,Forget\s*Reg|forgetreg,0,Forget Reg,generic_loan,
80,*,*,*,regex,FundTap,0,FundTap,generic_loan,
80,*,*,*,regex,Funds\s*Now|fundsnow,0,Funds Now,generic_loan,
80,*,*,*,regex,Fundspot,0,Fundspot,generic_loan,
80,*,*,*,regex,GRENKE\s*Australia|grenkeaustralia,0,GRENKE Australia,generic_loan,
80,*,*,*,regex,Geared\s*Finance|gearedfinance,0,Geared Finance,generic_loan,
80,*,*,*,regex,Golden\s*Loans|goldenloans,0,Golden Loans,generic_loan,
80,*,*,*,regex,Group\s*and\s*General\s*Finance|groupandgeneralfinance,0,Group and General Finance,generic_loan,
80,*,*,*,regex,Hirepool,0,Hirepool,generic_loan,
80,*,*,*,regex,Hunter\s*Premium\s*Funding|hunterpremiumfunding,0,Hunter Premium Funding,generic_loan,
80,*,*,*,regex,IBA\s*Loans|ibaloans,0,IBA Loans,generic_loan,
80,*,*,*,regex,Imperial\s*Funding|imperialfunding,0,Imperial Funding,generic_loan,
80,*,*,*,regex,Invoice\s*Money|invoicemoney,0,Invoice Money,generic_loan,
80,*,*,*,regex,Iqumulate\s*Premium\s*Funding|iqumulatepremiumfunding,0,Iqumulate Premium Funding,generic_loan,
80,*,*,*,regex,Judo\s*Bank\s*Loans|judobankloans,0,Judo Bank Loans,generic_loan,
80,*,*,*,regex,Kubota,0,Kubota,generic_loan,
80,*,*,*,regex,Ladbroke\s*Financial\s*Services|ladbrokefinancialservices,0,Ladbroke Financial Services,generic_loan,
80,*,*,*,regex,Layaway,0,Layaway,generic_loan,
80,*,*,*,regex,Laybyshop,0,Laybyshop,generic_loan,
80,*,*,*,regex,Ledge\s*Finance|ledgefinance,0,Ledge Finance,generic_loan,
80,*,*,*,regex,Lendmigo,0,Lendmigo,generic_loan,
80,*,*,*,regex,Leveraged\s*Equities|leveragedequities,0,Leveraged Equities,generic_loan,
80,*,*,*,regex,Liberty\s*Financial|libertyfinancial,0,Liberty Financial,generic_loan,
80,*,*,*,regex,Liebherr\s*Cranes|liebherrcranes,0,Liebherr Cranes,generic_loan,
80,*,*,*,regex,Lightspeed\s*Capital|lightspeedcapital,0,Lightspeed Capital,generic_loan,
80,*,*,*,regex,Local\s*Appliance\s*Rentals|localappliancerentals,0,Local Appliance Rentals,generic_loan,
80,*,*,*,regex,Lombard\s*Finance|lombardfinance,0,Lombard Finance,generic_loan,
80,*,*,*,regex,Loopit,0,Loopit,generic_loan,
80,*,*,*,regex,Lumi\s*Finance|lumifinance,0,Lumi Finance,generic_loan,
80,*,*,*,regex,MLC\s*Loans|mlcloans,0,MLC Loans,generic_loan,
80,*,*,*,regex,MPF\s*Repayment|mpfrepayment,0,MPF Repayment,generic_loan,
80,*,*,*,regex,MRG\s*Custodians|mrgcustodians,0,MRG Custodians,generic_loan,
80,*,*,*,regex,MacRae\s*Rentals|macraerentals,0,MacRae Rentals,generic_loan,
80,*,*,*,regex,Macquarie\s*Leasing|macquarieleasing,0,Macquarie Leasing,generic_loan,
80,*,*,*,regex,Madura\s*Ltd|maduraltd,0,Madura Ltd,generic_loan,
80,*,*,*,regex,Make\s*It\s*Mine|makeitmine,0,Make It Mine,generic_loan,
80,*,*,*,regex,Marketlend,0,Marketlend,generic_loan,
80,*,*,*,regex,Medi-Rent,0,Medi-Rent,generic_loan,
80,*,*,*,regex,Medpro\s*Finance|medprofinance,0,Medpro Finance,generic_loan,
80,*,*,*,regex,MoneyQuest,0,MoneyQuest,generic_loan,
80,*,*,*,regex,Moneytech\s*Finance|moneytechfinance,0,Moneytech Finance,generic_loan,
80,*,*,*,regex,Morris\s*Finance|morrisfinance,0,Morris Finance,generic_loan,
80,*,*,*,regex,Motofy,0,Motofy,generic_loan,
80,*,*,*,regex,Moula\s*Money\s*Pty\s*Ltd|moulamoneyptyltd,0,Moula Money Pty Ltd,generic_loan,
80,*,*,*,regex,Mr\s*Rental\s*Group|mrrentalgroup,0,Mr Rental Group,generic_loan,
80,*,*,*,regex,Multipli,0,Multipli,generic_loan,
80,*,*,*,regex,My\s*Layby|mylayby,0,My Layby,generic_loan,
80,*,*,*,regex,Nova\s*Cash\s*Flow\s*Finance|novacashflowfinance,0,Nova Cash Flow Finance,generic_loan,
80,*,*,*,regex,Octet\s*Finance|octetfinance,0,Octet Finance,generic_loan,
80,*,*,*,regex,OnDeck,0,OnDeck,generic_loan,
80,*,*,*,regex,Origin\s*MMS|originmms,0,Origin MMS,generic_loan,
80,*,*,*,regex,Oxford\s*Finance|oxfordfinance,0,Oxford Finance,generic_loan,
80,*,*,*,regex,Pacific\s*Finance|pacificfinance,0,Pacific Finance,generic_loan,
80,*,*,*,regex,Parallel\s*Finance|parallelfinance,0,Parallel Finance,generic_loan,
80,*,*,*,regex,Perpetual\s*Limited|perpetuallimited,0,Perpetual Limited,generic_loan,
80,*,*,*,regex,Perth\s*Premium\s*Financial|perthpremiumfinancial,0,Perth Premium Financial,generic_loan,
80,*,*,*,regex,Pioneer\s*Finance|pioneerfinance,0,Pioneer Finance,generic_loan,
80,*,*,*,regex,Poligon\s*Group|poligongroup,0,Poligon Group,generic_loan,
80,*,*,*,regex,Power\s*Alliance\s*Finance|poweralliancefinance,0,Power Alliance Finance,generic_loan,
80,*,*,*,regex,Procuret,0,Procuret,generic_loan,
80,*,*,*,regex,Propell,0,Propell,generic_loan,
80,*,*,*,regex,Prospa,0,Prospa,generic_loan,
80,*,*,*,regex,QPF\s*Finance|qpffinance,0,QPF Finance,generic_loan,
80,*,*,*,regex,QPR\s*Limited|qprlimited,0,QPR Limited,generic_loan,
80,*,*,*,regex,QRIDA\s*Loans|qridaloans,0,QRIDA Loans,generic_loan,
80,*,*,*,regex,Quest\s*Finance|questfinance,0,Quest Finance,generic_loan,
80,*,*,*,regex,Quickzy,0,Quickzy,generic_loan,
80,*,*,*,regex,R4K\s*Group|r4kgroup,0,R4K Group,generic_loan,
80,*,*,*,regex,Rapid\s*Finance|rapidfinance,0,Rapid Finance,generic_loan,
80,*,*,*,regex,Red\s*Tree\s*Finance|redtreefinance,0,Red Tree Finance,generic_loan,
80,*,*,*,regex,Rent\s*2\s*Own|rent2own,0,Rent 2 Own,generic_loan,
80,*,*,*,regex,Rent\s*Plus\s*Own|rentplusown,0,Rent Plus Own,generic_loan,
80,*,*,*,regex,Rent\s*The\s*Roo|renttheroo,0,Rent The Roo,generic_loan,
80,*,*,*,regex,Rent\s*and\s*Keep\s*It|rentandkeepit,0,Rent and Keep It,generic_loan,
80,*,*,*,regex,Rent4Keeps,0,Rent4Keeps,generic_loan,
80,*,*,*,regex,RentOne,0,RentOne,generic_loan,
80,*,*,*,regex,Rentorilla,0,Rentorilla,generic_loan,
80,*,*,*,regex,Rockwell\s*Finance|rockwellfinance,0,Rockwell Finance,generic_loan,
80,*,*,*,regex,S\s*E\s*Rentals|serentals,0,S E Rentals,generic_loan,
80,*,*,*,regex,SMSF\s*Loans|smsfloans,0,SMSF Loans,generic_loan,
80,*,*,*,regex,Sail\s*Funding|sailfunding,0,Sail Funding,generic_loan,
80,*,*,*,regex,Salt\s*and\s*Lime|saltandlime,0,Salt and Lime,generic_loan,
80,*,*,*,regex,Scottish\s*Pacific|scottishpacific,0,Scottish Pacific,generic_loan,
80,*,*,*,regex,Shift\s*Financial|shiftfinancial,0,Shift Financial,generic_loan,
80,*,*,*,regex,Shopify\s*Capital|shopifycapital,0,Shopify Capital,generic_loan,
80,*,*,*,regex,Silver\s*Chef|silverchef,0,Silver Chef,generic_loan,
80,*,*,*,regex,Skyecap,0,Skyecap,generic_loan,
80,*,*,*,regex,Smiths\s*City\s*Finance|smithscityfinance,0,Smiths City Finance,generic_loan,
80,*,*,*,regex,Solar\s*Vic|solarvic,0,Solar Vic,generic_loan,
80,*,*,*,regex,Sovereign\s*Credit|sovereigncredit,0,Sovereign Credit,generic_loan,
80,*,*,*,regex,Specialist\s*Equipment|specialistequipment,0,Specialist Equipment,generic_loan,
80,*,*,*,regex,Speedy\s*Finance|speedyfinance,0,Speedy Finance,generic_loan,
80,*,*,*,regex,Spenda,0,Spenda,generic_loan,
80,*,*,*,regex,Splend,0,Splend,generic_loan,
80,*,*,*,regex,Square\s*Loans|squareloans,0,Square Loans,generic_loan,
80,*,*,*,regex,Stay\s*Finance|stayfinance,0,Stay Finance,generic_loan,
80,*,*,*,regex,Strawberry\s*Loans|strawberryloans,0,Strawberry Loans,generic_loan,
80,*,*,*,regex,Strive\s*Financial|strivefinancial,0,Strive Financial,generic_loan,
80,*,*,*,regex,Suncoast\s*Loans|suncoastloans,0,Suncoast Loans,generic_loan,
80,*,*,*,regex,TL\s*Commercial|tlcommercial,0,TL Commercial,generic_loan,
80,*,*,*,regex,Thorn\s*Group|thorngroup,0,Thorn Group,generic_loan,
80,*,*,*,regex,Thorn\s*Rentals\s*NZ|thornrentalsnz,0,Thorn Rentals NZ,generic_loan,
80,*,*,*,regex,TruCap,0,TruCap,generic_loan,
80,*,*,*,regex,Truepillars\s*Loan|truepillarsloan,0,Truepillars Loan,generic_loan,
80,*,*,*,regex,Trusty\s*Finance|trustyfinance,0,Trusty Finance,generic_loan,
80,*,*,*,regex,Tyro\s*Loan|tyroloan,0,Tyro Loan,generic_loan,
80,*,*,*,regex,UBuy,0,UBuy,generic_loan,
80,*,*,*,regex,Unipay\s*Loans|unipayloans,0,Unipay Loans,generic_loan,
80,*,*,*,regex,United\s*Consumer\s*Financial\s*Services|unitedconsumerfinancialservices,0,United Consumer Financial Services,generic_loan,
80,*,*,*,regex,Unsecured\s*Finance|unsecuredfinance,0,Unsecured Finance,generic_loan,
80,*,*,*,regex,Velociti\s*Capital|velociticapital,0,Velociti Capital,generic_loan,
80,*,*,*,regex,Victorium\s*SME\s*Funding|victoriumsmefunding,0,Victorium SME Funding,generic_loan,
80,*,*,*,regex,Vine\s*Capital|vinecapital,0,Vine Capital,generic_loan,
80,*,*,*,regex,Westpac\s*Vehicle\s*and\s*equipment\s*finance|westpacvehicleandequipmentfinance,0,Westpac Vehicle and equipment finance,generic_loan,
80,*,*,*,regex,Yellowgate\s*Group|yellowgategroup,0,Yellowgate Group,generic_loan,
80,*,*,*,regex,Yes\s*Loans|yesloans,0,Yes Loans,generic_loan,
80,*,*,*,regex,Zip\s*Business|zipbusiness,0,Zip Business,generic_loan,
80,*,*,*,regex,debt\s*buddy|debtbuddy,0,debt buddy,generic_loan,
80,*,*,*,regex,flexicommercial,0,flexicommercial,generic_loan,
80,*,*,*,regex,just\s*budget|justbudget,0,just budget,generic_loan,
80,*,*,*,regex,smartAR,0,smartAR,generic_loan,
90,-,credit,cba,regex,PAYMENT\s+RECEIVED\s+THANK\s+YOU,0,CBA Credit Card Repayment,bank,
90,*,*,*,regex,(?i)^PAYMENT\s+BY\s+AUTHORITY\s+TO\s+WESTPAC\s+BANKING\s+.*$,0,WESTPAC Loans,contract_loan,
80,*,*,cba,regex,(?i)Money\s+we\s+lent\s+you,0,CBA Loans,contract_loan,
80,*,*,anz,regex,(?i)INTERNET\s+BANKING\s+-\s+REDRAW\s+TRANSFER\s+\d+\s+TO\s+\d+,0,ANZ Loans,contract_loan,
80,*,*,*,regex,(ADELAIDE\s+BANK)\s+(LOANS|LOAN\s+REPAYMENT|LOAN\s+REDRAW),0,Adelaide Bank Loans,contract_loan,
80,*,*,*,regex,(AUSTRALIAN\s+UNITY(\s+BANK)?)\s+(LOANS|LOAN\s+REPAYMENT|LOAN\s+REDRAW),0,Australian Unity Bank Loans,contract_loan,
80,*,*,*,regex,(AUSWIDE(\s+BANK)?)\s+(LOANS|LOAN\s+REPAYMENT|LOAN\s+REDRAW),0,Auswide Bank Loans,contract_loan,
80,*,*,*,regex,AVENUE\s+BANK\s+(LOANS|LOAN\s+REPAYMENT|LOAN\s+REDRAW),0,Avenue Bank Loans,contract_loan,
80,*,*,*,regex,(BNK\s+BANK|GOLDFIELDS\s+MONEY)\s+(LOANS|LOAN\s+REPAYMENT|LOAN\s+REDRAW),0,BNK Bank Loans,contract_loan,
80,*,*,*,regex,CAIRNS\s+BANK\s+(LOANS|LOAN\s+REPAYMENT|LOAN\s+REDRAW),0,Cairns Bank Loans,contract_loan,
80,*,*,*,regex,COMMUNITY\s+FIRST\s+(BANK|CU|CREDIT\s+UNION)\s+(LOANS|LOAN\s+REPAYMENT|LOAN\s+REDRAW),0,Community First Bank Loans,contract_loan,
80,*,*,*,regex,FIRST\s+OPTION\s+BANK\s+(LOANS|LOAN\s+REPAYMENT|LOAN\s+REDRAW),0,First Option Bank Loans,contract_loan,
80,*,*,*,regex,GBS\s+BANK\s+(LOANS|LOAN\s+REPAYMENT|LOAN\s+REDRAW),0,GBS Bank Loans,contract_loan,
80,*,*,*,regex,GATEWAY\s+(BANK|CREDIT\s+UNION)\s+(LOANS|LOAN\s+REPAYMENT|LOAN\s+REDRAW),0,Gateway Bank Loans,contract_loan,
80,*,*,*,regex,GEELONG\s+BANK\s+(LOANS|LOAN\s+REPAYMENT|LOAN\s+REDRAW),0,Geelong Bank Loans,contract_loan,
80,*,*,*,regex,(HEALTH\s+PROFESSIONALS\s+BANK|HPB)\s+(LOANS|LOAN\s+REPAYMENT|LOAN\s+REDRAW),0,Health Professionals Bank Loans,contract_loan,
80,*,*,*,regex,HORIZON\s+BANK\s+(LOANS|LOAN\s+REPAYMENT|LOAN\s+REDRAW),0,Horizon Bank Loans,contract_loan,
80,*,*,*,regex,(P\s*&\s*N\s+BANK|PNBANK)\s+(LOANS|LOAN\s+REPAYMENT|LOAN\s+REDRAW),0,P&N Bank Loans,contract_loan,
80,*,*,*,regex,POLICE\s+BANK\s+(LOANS|LOAN\s+REPAYMENT|LOAN\s+REDRAW),0,Police Bank Loans,contract_loan,
80,*,*,*,regex,QT\s+MUTUAL\s+(LOANS|LOAN\s+REPAYMENT|LOAN\s+REDRAW),0,QT Mutual Loans,contract_loan,
80,*,*,*,regex,QUEENSLAND\s+COUNTRY\s+BANK\s+(LOANS|LOAN\s+REPAYMENT|LOAN\s+REDRAW),0,Queensland Country Bank Loans,contract_loan,
80,*,*,*,regex,RACQ\s+(BANK|FINANCE)\s+(LOANS|LOAN\s+REPAYMENT|LOAN\s+REDRAW),0,RACQ Bank Loans,contract_loan,
80,*,*,*,regex,REGIONAL\s+AUSTRALIA\s+BANK\s+(LOANS|LOAN\s+REPAYMENT|LOAN\s+REDRAW),0,Regional Australia Bank Loans,contract_loan,
80,*,*,*,regex,SWS\s+BANK\s+(LOANS|LOAN\s+REPAYMENT|LOAN\s+REDRAW),0,SWS Bank Loans,contract_loan,
80,*,*,*,regex,(SUMMERLAND\s+(BANK|CREDIT\s+UNION))\s+(LOANS|LOAN\s+REPAYMENT|LOAN\s+REDRAW),0,Summerland Bank Loans,contract_loan,
80,*,*,*,regex,WOOLWORTHS\s+TEAM\s+BANK\s+(LOANS|LOAN\s+REPAYMENT|LOAN\s+REDRAW),0,Woolworths Team Bank Loans,contract_loan,
80,*,*,*,regex,GEELONG\s+(LOANS|LOAN\s+REPAYMENT|LOAN\s+REDRAW),0,Geelong Bank Loans,contract_loan,
80,*,*,*,regex,ADELAIDE\s+(LOANS|LOAN\s+REPAYMENT|LOAN\s+REDRAW),0,Adelaide Bank Loans,contract_loan,
80,*,*,*,regex,HORIZON\s+(LOANS|LOAN\s+REPAYMENT|LOAN\s+REDRAW),0,Horizon Bank Loans,contract_loan,
80,*,*,*,regex,REGIONAL\s+(LOANS|LOAN\s+REPAYMENT|LOAN\s+REDRAW),0,Regional Australia Bank Loans,contract_loan,
80,*,*,*,regex,GATEWAY\s+(LOANS|LOAN\s+REPAYMENT|LOAN\s+REDRAW),0,Gateway Bank Loans,contract_loan,
80,*,debit,*,regex,(?i)\b(UUB)\b,0,Australian Unity Bank Loans,contract_loan,
80,*,debit,*,regex,(?i)\b(AWB|AUSWIDE)\b,0,Auswide Bank Loans,contract_loan,
80,*,debit,*,regex,(?i)\b(BNK)\b,0,BNK Bank Loans,contract_loan,
80,*,debit,*,regex,(?i)\b(CFC|COMMUNITYFIRST)\b,0,Community First Bank Loans,contract_loan,
80,*,debit,*,regex,(?i)\b(FOP|FIRSTOPTION)\b,0,First Option Bank Loans,contract_loan,
80,*,debit,*,regex,(?i)\b(GBS)\b,0,GBS Bank Loans,contract_loan,
80,*,debit,*,regex,(?i)\b(GTW|GATEWAYCU)\b,0,Gateway Bank Loans,contract_loan,
80,*,debit,*,regex,(?i)\b(GEL)\b,0,Geelong Bank Loans,contract_loan,
80,*,debit,*,regex,(?i)\b(HPB)\b,0,Health Professionals Bank Loans,contract_loan,
80,*,debit,*,regex,(?i)\b(HBS|HSB)\b,0,Heritage Bank Loans,contract_loan,
80,*,debit,*,regex,(?i)\b(HRZ)\b,0,Horizon Bank Loans,contract_loan,
80,*,debit,*,regex,(?i)\b(IMB)\b,0,IMB Bank Loans,contract_loan,
80,*,debit,*,regex,(?i)\b(PNN|PNBANK)\b,0,P&N Bank Loans,contract_loan,
80,*,debit,*,regex,(?i)\b(POL|POLICEBANK)\b,0,Police Bank Loans,contract_loan,
80,*,debit,*,regex,(?i)\b(QTMB)\b,0,QT Mutual Loans,contract_loan,
80,*,debit,*,regex,(?i)\b(RAB|REGIONAL)\b,0,Regional Australia Bank Loans,contract_loan,
80,*,debit,*,regex,(?i)\b(SWS)\b,0,SWS Bank Loans,contract_loan,
80,*,debit,*,regex,(?i)\b(SMR|SUMMERLAND)\b,0,Summerland Bank Loans,contract_loan,
